,City,Temperature (F),Humidity (%),Cloudiness (%),Wind Speed (mph),Latitude,Longditude,Country,Date_Time
0,rikitea,73.47,66,99,12.82,-23.12,-134.97,PF,1588574897
1,mahebourg,80.6,74,40,13.87,-20.41,57.7,MU,1588574897
2,sola,80.6,94,90,5.53,-13.88,167.55,VU,1588574897
3,busselton,69.01,63,25,16.89,-33.65,115.33,AU,1588574898
4,talnakh,23.0,85,69,33.55,69.49,88.4,RU,1588574898
5,pevek,21.27,94,18,7.31,69.7,170.31,RU,1588574898
6,port alfred,61.0,94,97,3.0,-33.59,26.89,ZA,1588574898
7,constantine,57.2,82,8,3.04,36.37,6.61,DZ,1588574899
8,ulaangom,70.32,16,100,8.12,49.98,92.07,MN,1588574899
9,sipacapa,48.99,89,6,2.44,15.2,-91.67,GT,1588574899
10,clyde river,3.2,71,1,2.24,70.47,-68.59,CA,1588574899
11,zhaozhou,58.69,32,36,7.52,45.68,125.32,CN,1588574899
12,bluff,48.65,75,71,14.92,-46.6,168.33,NZ,1588574899
13,ribeira grande,59.0,77,40,14.99,38.52,-28.7,PT,1588574900
14,yellowknife,35.6,90,90,12.75,62.46,-114.35,CA,1588574900
15,isangel,80.6,83,75,3.49,-19.55,169.27,VU,1588574900
16,kapaa,75.2,78,90,19.46,22.08,-159.32,US,1588574900
17,vaini,75.2,88,20,3.36,-21.2,-175.2,TO,1588574900
18,mehamn,35.6,95,75,4.7,71.04,27.85,NO,1588574900
19,katangli,38.19,71,100,8.37,51.71,143.23,RU,1588574617
20,mwense,74.35,46,0,7.56,-10.38,28.7,ZM,1588574900
21,hermanus,57.0,81,0,1.01,-34.42,19.23,ZA,1588574901
22,lebu,52.86,85,0,8.99,-37.62,-73.65,CL,1588574901
23,tuktoyaktuk,5.9,94,0,4.45,69.45,-133.04,CA,1588574901
24,albany,57.99,43,100,6.11,42.6,-73.97,US,1588574703
25,sri aman,93.2,63,75,3.36,1.24,111.46,MY,1588574901
26,new norfolk,57.99,81,15,2.48,-42.78,147.06,AU,1588574901
27,barrow,10.4,85,1,10.29,71.29,-156.79,US,1588574902
28,berlevag,35.6,95,75,2.24,70.86,29.09,NO,1588574902
29,faanui,82.22,78,92,12.1,-16.48,-151.75,PF,1588574902
30,tucupita,73.24,97,62,2.86,9.06,-62.05,VE,1588574902
31,gornopravdinsk,42.84,59,51,10.92,60.05,69.9,RU,1588574902
32,nisia floresta,75.2,100,40,4.7,-6.09,-35.21,BR,1588574902
33,puerto ayora,77.0,93,4,3.0,-0.74,-90.35,EC,1588574902
34,ust-maya,40.24,61,85,6.4,60.42,134.53,RU,1588574903
35,dikson,14.47,91,82,8.05,73.51,80.55,RU,1588574903
36,muisne,76.51,90,100,7.83,0.6,-80.03,EC,1588574903
37,sabang,84.79,67,29,4.12,5.89,95.32,ID,1588574903
38,mataura,41.41,90,76,3.85,-46.19,168.86,NZ,1588574903
39,severo-kurilsk,40.5,68,96,3.91,50.68,156.12,RU,1588574904
40,urumqi,75.2,22,100,11.18,43.8,87.6,CN,1588574780
41,kayerkan,23.0,85,79,33.55,69.35,87.76,RU,1588574904
42,kruisfontein,58.53,82,96,11.72,-34.0,24.73,ZA,1588574904
43,saint-philippe,84.2,66,40,9.17,-21.36,55.77,RE,1588574904
44,tasiilaq,30.2,92,100,27.51,65.61,-37.64,GL,1588574905
45,richards bay,71.22,72,17,10.85,-28.78,32.04,ZA,1588574905
46,hobart,57.99,71,40,11.41,-42.88,147.33,AU,1588574750
47,beringovskiy,28.18,96,1,1.81,63.05,179.32,RU,1588574905
48,lingao,87.17,64,0,8.08,19.91,109.69,CN,1588574905
49,ushuaia,39.2,69,40,18.34,-54.8,-68.3,AR,1588574906
50,dunedin,48.99,83,100,3.0,-45.87,170.5,NZ,1588574906
51,hilo,77.0,69,90,8.05,19.73,-155.09,US,1588574818
52,arraial do cabo,71.04,66,100,6.42,-22.97,-42.03,BR,1588574906
53,mar del plata,60.01,100,100,10.29,-38.0,-57.56,AR,1588574748
54,ahipara,59.59,74,18,18.14,-35.17,173.17,NZ,1588574906
55,iqaluit,10.4,72,90,10.29,63.75,-68.51,CA,1588574907
56,bredasdorp,51.8,93,1,2.24,-34.53,20.04,ZA,1588574907
57,carnarvon,82.4,48,0,6.93,-24.87,113.63,AU,1588574897
58,karratha,85.89,22,1,12.73,-20.74,116.85,AU,1588574907
59,barahona,76.89,78,26,4.03,18.21,-71.1,DO,1588574907
60,granadilla de abona,69.01,72,40,5.82,28.12,-16.58,ES,1588574907
61,thompson,26.6,79,5,2.24,55.74,-97.86,CA,1588574907
62,lukovetskiy,46.4,93,90,6.71,64.3,41.92,RU,1588574908
63,siilinjarvi,46.4,87,75,2.24,63.08,27.67,FI,1588574908
64,pando,57.0,82,75,5.82,-34.72,-55.95,UY,1588574908
65,castro,52.66,68,97,5.64,-24.79,-50.01,BR,1588574908
66,omsukchan,28.65,81,100,3.36,62.53,155.8,RU,1588574908
67,nemuro,57.2,82,75,13.87,43.32,145.57,JP,1588574908
68,inirida,74.41,95,100,2.37,3.87,-67.92,CO,1588574909
69,boddam,45.0,86,0,6.93,57.47,-1.78,GB,1588574909
70,palu,86.79,66,98,3.36,-0.89,119.87,ID,1588574763
71,bengkulu,85.8,68,36,8.3,-3.8,102.27,ID,1588574909
72,almeria,77.0,33,93,19.46,37.17,-2.33,ES,1588574909
73,punta arenas,33.8,85,20,5.82,-53.15,-70.92,CL,1588574909
74,boffa,77.47,87,72,0.92,10.17,-14.03,GN,1588574910
75,bom jardim,68.36,88,58,4.72,-7.8,-35.59,BR,1588574910
76,north myrtle beach,71.6,73,1,13.87,33.82,-78.68,US,1588574910
77,sinnamary,77.61,89,100,11.45,5.38,-52.95,GF,1588574910
78,butaritari,82.67,81,95,10.09,3.07,172.79,KI,1588574910
79,bagdarin,54.52,26,100,6.42,54.43,113.6,RU,1588574910
80,shu,75.74,26,91,3.33,43.6,73.76,KZ,1588574911
81,paamiut,32.79,96,100,15.73,61.99,-49.67,GL,1588574670
82,viedma,54.72,55,0,11.99,-40.81,-63.0,AR,1588574911
83,cape town,59.0,87,0,4.7,-33.93,18.42,ZA,1588574911
84,quatre cocos,82.0,74,40,13.87,-20.21,57.76,MU,1588574911
85,vestmannaeyjar,42.8,81,75,18.34,63.44,-20.27,IS,1588574912
86,grand gaube,82.0,73,73,7.0,-20.01,57.66,MU,1588574614
87,zaranj,86.0,35,0,13.87,30.97,61.88,AF,1588574912
88,east london,60.8,87,20,6.93,-33.02,27.91,ZA,1588574912
89,lavrentiya,27.23,92,0,4.21,65.58,-171.0,RU,1588574912
90,madinat sittah uktubar,82.4,30,0,3.36,29.82,31.05,EG,1588574912
91,svetlogorsk,59.63,76,98,10.83,52.63,29.73,BY,1588574912
92,camacha,64.4,68,20,14.99,33.08,-16.33,PT,1588574912
93,alofi,75.2,94,3,1.12,-19.06,-169.92,NU,1588574772
94,poum,76.23,85,100,20.78,-20.23,164.02,NC,1588574913
95,sept-iles,42.8,56,90,12.75,50.2,-66.38,CA,1588574913
96,klaksvik,37.4,69,100,2.24,62.23,-6.59,FO,1588574913
97,santa maria del oro,62.46,39,12,3.58,25.93,-105.37,MX,1588574913
98,harper,78.19,89,100,7.9,4.38,-7.72,LR,1588574914
99,gernsbach,54.0,93,75,4.7,48.77,8.33,DE,1588574914
100,kumluca,65.68,62,0,4.72,36.37,30.29,TR,1588574914
101,harstad,39.2,86,75,10.29,68.8,16.53,NO,1588574914
102,port elizabeth,60.8,87,95,6.93,-33.92,25.57,ZA,1588574915
103,hirara,84.2,74,40,8.05,24.8,125.28,JP,1588574915
104,meadow lake,71.6,15,1,21.92,34.8,-106.54,US,1588574915
105,riberalta,74.07,75,100,1.41,-10.98,-66.1,BO,1588574915
106,phalaborwa,68.0,77,41,12.75,-23.94,31.14,ZA,1588574916
107,lasa,41.0,86,40,3.0,46.62,10.7,IT,1588574916
108,fort saint james,38.35,56,100,4.72,54.43,-124.25,CA,1588574916
109,vila velha,71.6,68,0,9.17,-20.33,-40.29,BR,1588574655
110,khani,71.6,56,40,16.11,41.96,42.96,GE,1588574916
111,leh,47.64,11,52,7.27,34.17,77.58,IN,1588574886
112,provideniya,35.51,79,0,0.63,64.38,-173.3,RU,1588574917
113,tuatapere,43.95,80,34,5.32,-46.13,167.68,NZ,1588574917
114,prainha,73.85,96,49,2.28,-1.8,-53.48,BR,1588574917
115,namibe,81.07,47,0,1.7,-15.2,12.15,AO,1588574917
116,touros,75.2,100,40,4.7,-5.2,-35.46,BR,1588574917
117,itarema,76.68,89,100,7.81,-2.92,-39.92,BR,1588574918
118,atuona,81.5,74,1,19.15,-9.8,-139.03,PF,1588574918
119,naze,82.4,69,20,11.41,28.37,129.48,JP,1588574918
120,cidreira,62.58,81,55,12.17,-30.18,-50.21,BR,1588574918
121,fortuna,46.0,93,1,4.7,40.6,-124.16,US,1588574918
122,chililabombwe,69.96,46,0,7.0,-12.36,27.82,ZM,1588574918
123,khatanga,14.54,94,94,12.62,71.97,102.5,RU,1588574919
124,sovetskiy,45.27,51,12,5.19,61.36,63.58,RU,1588574919
125,san francisco,53.6,71,1,14.99,37.77,-122.42,US,1588574760
126,jackson,50.0,46,1,8.05,42.42,-122.83,US,1588574919
127,srednekolymsk,31.24,96,100,9.04,67.45,153.68,RU,1588574919
128,margate,53.01,80,85,11.9,51.38,1.39,GB,1588574919
129,neiafu,80.6,83,20,11.3,-18.65,-173.98,TO,1588574920
130,narsaq,33.8,95,100,13.87,60.92,-46.05,GL,1588574920
131,tual,84.69,75,59,8.95,-5.67,132.75,ID,1588574920
132,tiarei,80.6,78,20,4.7,-17.53,-149.33,PF,1588574920
133,vyartsilya,50.14,74,100,6.11,62.18,30.69,RU,1588574920
134,airai,68.65,58,79,3.76,-8.93,125.41,TL,1588574920
135,karakol,59.18,31,27,7.47,42.49,78.39,KG,1588574921
136,fort-shevchenko,69.73,55,0,12.8,44.51,50.26,KZ,1588574921
137,axim,79.95,84,74,4.43,4.87,-2.24,GH,1588574921
138,phulabani,101.93,17,55,6.93,20.47,84.23,IN,1588574921
139,kaitangata,46.0,69,76,4.0,-46.28,169.85,NZ,1588574921
140,mezen,45.41,95,100,7.63,65.85,44.24,RU,1588574921
141,san pedro,98.6,50,20,10.29,14.35,121.02,PH,1588574921
142,puerto escondido,81.16,67,0,5.32,15.85,-97.07,MX,1588574767
143,dingle,92.82,54,84,11.14,11.0,122.67,PH,1588574922
144,nyrob,49.98,56,1,7.99,60.73,56.72,RU,1588574922
145,kimbe,82.72,82,100,1.43,-5.55,150.14,PG,1588574922
146,ghanzi,69.91,17,0,4.41,-21.57,21.78,BW,1588574922
147,jalu,71.35,55,0,14.81,29.03,21.55,LY,1588574922
148,pedernales,78.19,67,33,3.51,18.04,-71.74,DO,1588574922
149,aldan,38.26,53,0,1.88,58.6,125.39,RU,1588574922
150,fontem,73.69,68,94,0.51,5.47,9.88,CM,1588574923
151,yumen,79.93,13,0,19.28,40.28,97.2,CN,1588574923
152,jamestown,48.99,70,40,6.93,42.1,-79.24,US,1588574923
153,zalari,65.82,30,90,10.36,53.56,102.51,RU,1588574923
154,chokurdakh,18.03,95,80,5.37,70.63,147.92,RU,1588574923
155,westport,62.6,63,90,9.17,41.14,-73.36,US,1588574629
156,leningradskiy,25.07,88,0,1.66,69.38,178.42,RU,1588574923
157,okha,35.24,85,97,11.88,53.57,142.95,RU,1588574924
158,rivadavia,53.6,76,91,6.93,-33.19,-68.46,AR,1588574924
159,ancud,51.01,100,100,5.82,-41.87,-73.82,CL,1588574924
160,avarua,75.2,88,0,3.36,-21.21,-159.78,CK,1588574924
161,shache,81.46,10,69,10.94,38.42,77.24,CN,1588574924
162,muscat,93.2,52,0,12.75,23.61,58.59,OM,1588574924
163,baykit,47.75,76,100,2.13,61.67,96.37,RU,1588574925
164,souillac,80.6,74,40,13.87,-20.52,57.52,MU,1588574925
165,arlit,92.75,13,94,1.9,18.74,7.39,NE,1588574925
166,qaanaaq,16.59,93,100,6.42,77.48,-69.36,GL,1588574925
167,trairi,74.39,95,100,4.54,-3.28,-39.27,BR,1588574925
168,bemidji,33.01,76,1,4.7,47.47,-94.88,US,1588574925
169,port hawkesbury,36.0,74,75,5.82,45.62,-61.35,CA,1588574926
170,gat,71.01,58,0,4.79,31.61,34.76,IL,1588574926
171,porto nacional,77.0,88,44,5.82,-10.71,-48.42,BR,1588574662
172,zeya,51.76,32,100,6.98,53.75,127.27,RU,1588574926
173,rudsar,84.2,69,0,6.93,37.14,50.29,IR,1588574926
174,verkhnevilyuysk,45.77,52,6,1.45,63.45,120.32,RU,1588574926
175,amalapuram,91.4,59,40,11.41,16.58,82.02,IN,1588574927
176,longyearbyen,17.6,72,20,2.24,78.22,15.64,SJ,1588574927
177,hwange,76.55,26,70,5.08,-18.37,26.5,ZW,1588574927
178,nong khai,91.4,55,75,4.7,17.88,102.74,TH,1588574927
179,freeport,66.99,72,75,8.05,40.66,-73.58,US,1588574657
180,caravelas,73.92,74,59,8.08,-17.71,-39.25,BR,1588574927
181,coquimbo,55.4,87,100,2.24,-29.95,-71.34,CL,1588574928
182,pisco,66.2,82,97,8.05,-13.7,-76.22,PE,1588574928
183,kieta,83.1,73,92,3.24,-6.22,155.63,PG,1588574928
184,antofagasta,60.8,82,90,2.24,-23.65,-70.4,CL,1588574928
185,beloha,77.61,51,0,6.89,-25.17,45.05,MG,1588574928
186,alpena,39.2,86,90,13.87,45.06,-83.43,US,1588574928
187,hearst,20.68,92,94,8.39,49.68,-83.67,CA,1588574929
188,hay river,35.6,80,20,3.36,60.82,-115.8,CA,1588574730
189,ponta do sol,61.0,67,40,8.05,32.67,-17.1,PT,1588574929
190,camana,67.28,77,100,5.39,-16.62,-72.71,PE,1588574929
191,geraldton,75.2,73,40,13.87,-28.77,114.6,AU,1588574929
192,verkhnyaya inta,35.42,79,100,4.21,65.98,60.31,RU,1588574929
193,port-gentil,80.6,94,40,2.24,-0.72,8.78,GA,1588574929
194,san jose,54.0,56,0,2.37,37.34,-121.89,US,1588574780
195,vanimo,79.38,88,100,12.24,-2.67,141.3,PG,1588574930
196,minab,93.2,34,0,4.7,27.15,57.08,IR,1588574930
197,roald,42.8,60,40,10.29,62.58,6.13,NO,1588574930
198,vila franca do campo,59.0,77,40,26.4,37.72,-25.43,PT,1588574930
199,umm kaddadah,88.9,10,0,6.15,13.6,26.69,SD,1588574930
200,vardo,37.4,86,75,9.17,70.37,31.11,NO,1588574930
201,gigmoto,86.27,73,14,9.75,13.78,124.39,PH,1588574930
202,leshan,98.65,25,24,5.23,29.56,103.76,CN,1588574931
203,tashla,67.12,50,0,10.87,51.77,52.74,RU,1588574931
204,shima,87.8,66,100,6.71,24.45,117.81,CN,1588574931
205,alta,36.0,93,90,3.36,69.97,23.27,NO,1588574931
206,imeni zhelyabova,57.31,81,98,0.38,58.95,36.6,RU,1588574931
207,nizhnyaya poyma,67.8,33,100,12.82,56.16,97.19,RU,1588574931
208,chernyshevskiy,44.31,50,0,4.59,63.01,112.47,RU,1588574932
209,crotone,60.8,55,0,14.99,39.09,17.12,IT,1588574932
210,adrar,83.95,12,0,5.93,20.5,-10.07,MR,1588574932
211,yulara,75.2,23,0,11.41,-25.24,130.99,AU,1588574932
212,yar-sale,19.18,94,34,10.67,66.83,70.83,RU,1588574932
213,vao,73.58,77,100,18.92,-22.67,167.48,NC,1588574933
214,bogande,88.95,45,0,15.28,12.97,-0.14,BF,1588574933
215,camacupa,65.23,43,3,3.62,-12.02,17.48,AO,1588574933
216,nikolskoye,46.99,87,90,4.47,59.7,30.79,RU,1588574933
217,kodinsk,60.76,43,100,9.93,58.69,99.18,RU,1588574933
218,saint george,69.8,21,1,3.36,37.1,-113.58,US,1588574933
219,palkonda,103.77,29,7,9.06,18.6,83.75,IN,1588574934
220,hami,87.3,10,100,2.26,42.8,93.45,CN,1588574934
221,huilong,78.01,68,5,3.0,31.81,121.66,CN,1588574934
222,codrington,55.71,76,5,4.97,-38.27,141.97,AU,1588574934
223,san miguel,80.06,75,79,1.03,13.48,-88.18,SV,1588574934
224,nishihara,84.2,70,1,16.11,26.18,127.76,JP,1588574934
225,pilot butte,48.2,57,90,23.04,50.47,-104.42,CA,1588574934
226,auray,55.4,100,90,10.29,47.67,-2.99,FR,1588574934
227,waipawa,59.0,82,31,16.11,-41.41,175.52,NZ,1588574935
228,saldanha,48.2,87,0,1.12,-33.01,17.94,ZA,1588574935
229,muros,59.0,91,1,1.01,42.78,-9.06,ES,1588574935
230,natal,75.2,100,40,4.7,-5.79,-35.21,BR,1588574733
231,dedza,65.93,32,0,3.42,-14.38,34.33,MW,1588574935
232,maraa,74.08,97,100,2.04,-1.83,-65.37,BR,1588574935
233,ipilan,85.77,70,81,1.88,8.84,117.9,PH,1588574935
234,hithadhoo,84.83,75,100,14.9,-0.6,73.08,MV,1588574936
235,deputatskiy,17.87,90,98,3.09,69.3,139.9,RU,1588574936
236,heilbron,59.92,23,0,8.95,-27.28,27.97,ZA,1588574936
237,abu dhabi,91.4,55,0,4.7,24.47,54.37,AE,1588574936
238,georgetown,87.8,70,20,6.93,5.41,100.34,MY,1588574742
239,kinablangan,84.99,73,76,7.74,7.69,126.55,PH,1588574936
240,high level,50.0,39,1,2.24,58.52,-117.14,CA,1588574936
241,tak bai,89.6,66,20,10.29,6.26,102.05,TH,1588574936
242,dharampur,104.45,20,0,10.07,20.53,73.18,IN,1588574937
243,wawa,80.01,58,6,7.99,9.9,4.42,NG,1588574937
244,yining,92.5,42,100,5.37,29.04,114.56,CN,1588574937
245,lorengau,84.11,78,100,6.8,-2.02,147.27,PG,1588574937
246,dubti,91.58,43,6,0.96,11.74,41.09,ET,1588574937
247,bethel,64.4,45,90,6.93,41.37,-73.41,US,1588574937
248,ranau,91.4,70,20,6.93,5.95,116.66,MY,1588574937
249,ornskoldsvik,42.8,60,36,12.75,63.29,18.72,SE,1588574937
250,ulladulla,60.01,58,0,5.82,-35.35,150.47,AU,1588574938
251,noumea,71.6,78,90,5.82,-22.28,166.46,NC,1588574695
252,victoria,89.6,62,20,18.34,22.29,114.16,HK,1588574709
253,henties bay,63.46,71,0,3.71,-22.12,14.28,NA,1588574938
254,nacala,80.62,69,15,8.66,-14.54,40.67,MZ,1588574938
255,kiama,64.0,66,100,1.99,-34.68,150.87,AU,1588574692
256,acapulco,77.0,94,5,2.35,16.86,-99.89,MX,1588574938
257,mutare,68.29,33,0,6.06,-18.97,32.67,ZW,1588574938
258,maiduguri,91.26,29,27,8.93,11.85,13.16,NG,1588574939
259,buala,83.01,76,93,4.12,-8.14,159.59,SB,1588574939
260,luderitz,65.7,53,0,15.99,-26.65,15.16,NA,1588574939
261,ixtapa,71.6,41,14,2.98,20.7,-105.2,MX,1588574939
262,komsomolskiy,75.2,29,0,4.7,40.43,71.72,UZ,1588574939
263,chulumani,61.79,51,100,0.49,-16.41,-67.53,BO,1588574939
264,bambous virieux,82.0,74,40,13.87,-20.34,57.76,MU,1588574940
265,carballo,64.99,77,1,1.12,43.21,-8.69,ES,1588574940
266,port-cartier,42.8,56,90,12.75,50.03,-66.87,CA,1588574940
267,anzhero-sudzhensk,46.4,93,75,15.66,56.08,86.03,RU,1588574940
268,gazanjyk,81.25,28,0,6.91,39.24,55.52,TM,1588574941
269,sembe,79.16,71,48,1.74,1.65,14.58,CG,1588574941
270,nador,66.2,93,75,5.82,35.17,-2.93,MA,1588574941
271,riyadh,87.8,18,0,5.82,24.69,46.72,SA,1588574734
272,beyla,70.97,79,97,5.82,8.68,-8.63,GN,1588574941
273,yerbogachen,55.38,33,100,5.86,61.28,108.01,RU,1588574941
274,shahrud,66.67,23,0,4.09,36.42,54.98,IR,1588574941
275,sale,66.2,88,75,5.82,34.04,-6.82,MA,1588574942
276,kisumu,71.6,73,40,8.05,-0.1,34.76,KE,1588574942
277,depalpur,98.6,30,20,8.05,22.85,75.55,IN,1588574942
278,sivaki,53.4,30,76,6.17,52.63,126.75,RU,1588574942
279,tonantins,72.61,96,18,1.95,-2.87,-67.8,BR,1588574942
280,udankudi,92.88,52,96,13.8,8.43,78.02,IN,1588574942
281,marawi,84.99,79,100,7.0,8.0,124.29,PH,1588574943
282,shelburne,44.6,75,90,6.93,44.08,-80.2,CA,1588574943
283,vilhena,67.3,74,69,2.82,-12.74,-60.15,BR,1588574943
284,itacare,75.2,88,20,9.17,-14.28,-39.0,BR,1588574910
285,toora-khem,73.69,14,92,6.51,52.47,96.11,RU,1588574943
286,shakawe,73.65,31,4,3.6,-18.37,21.85,BW,1588574944
287,luganville,80.6,94,75,2.24,-15.53,167.17,VU,1588574944
288,elliot lake,37.4,74,90,18.34,46.38,-82.63,CA,1588574944
289,guadalajara,71.6,35,40,6.93,20.67,-103.33,MX,1588574709
290,verkh-usugli,55.26,26,100,7.52,52.7,115.17,RU,1588574944
291,suzhou,90.0,53,1,10.02,31.31,120.62,CN,1588574687
292,neepawa,33.8,86,40,9.17,50.23,-99.47,CA,1588574944
293,kirakira,81.99,76,94,2.89,-10.45,161.92,SB,1588574945
294,eureka,48.99,86,0,4.94,40.8,-124.16,US,1588574945
295,nanpiao,69.84,20,67,3.58,41.1,120.75,CN,1588574945
296,valparaiso,55.4,76,100,12.59,-33.04,-71.63,CL,1588574945
297,davenda,54.77,28,99,6.8,53.56,119.32,RU,1588574946
298,xichang,79.0,42,37,12.64,27.9,102.26,CN,1588574946
299,nuevitas,74.86,85,17,7.76,21.55,-77.26,CU,1588574946
300,cherskiy,29.37,97,32,2.3,68.75,161.3,RU,1588574946
301,sexsmith,46.4,52,90,20.8,55.35,-118.79,CA,1588574706
302,alvaraes,74.52,97,100,0.74,-3.22,-64.8,BR,1588574947
303,salalah,87.8,79,75,11.41,17.02,54.09,OM,1588574947
304,shimoda,62.6,93,75,11.41,34.67,138.95,JP,1588574947
305,new glasgow,46.0,81,100,5.99,45.58,-62.65,CA,1588574947
306,saint-augustin,31.96,96,99,4.16,51.23,-58.65,CA,1588574947
307,torbay,35.01,95,90,16.11,47.67,-52.73,CA,1588574948
308,basoko,84.02,55,10,3.33,1.24,23.62,CD,1588574948
309,upernavik,15.55,92,100,6.62,72.79,-56.15,GL,1588574948
310,kautokeino,33.67,86,100,6.89,69.01,23.04,NO,1588574948
311,santa maria,51.01,84,0,3.13,-29.68,-53.81,BR,1588574678
312,tura,89.85,43,7,1.74,25.52,90.22,IN,1588574949
313,seoul,80.6,53,0,10.29,37.57,126.98,KR,1588574700
314,la ronge,39.2,55,75,5.82,55.1,-105.28,CA,1588574949
315,nanortalik,33.93,93,100,9.95,60.14,-45.24,GL,1588574950
316,zhigansk,33.12,90,0,5.19,66.77,123.37,RU,1588574950
317,porto novo,78.8,88,20,5.82,6.5,2.6,BJ,1588574950
318,ramnagar,92.12,30,1,6.15,29.4,79.12,IN,1588574950
319,zhicheng,91.99,57,100,12.01,30.3,111.5,CN,1588574951
320,saint-pierre,84.2,66,40,9.17,-21.34,55.48,RE,1588574951
321,norman wells,23.0,73,20,2.24,65.28,-126.83,CA,1588574951
322,baijiantan,73.76,27,100,23.47,45.63,85.18,CN,1588574951
323,saint-denis,55.99,82,75,1.12,48.92,2.33,FR,1588574952
324,cabo san lucas,80.01,30,100,13.53,22.89,-109.91,MX,1588574952
325,paramonga,67.12,86,100,7.34,-10.67,-77.83,PE,1588574952
326,calbuco,51.8,93,100,8.05,-41.77,-73.13,CL,1588574952
327,dudinka,23.0,85,28,33.55,69.41,86.18,RU,1588574952
328,pangnirtung,6.78,90,100,0.58,66.15,-65.71,CA,1588574953
329,kodiak,44.6,75,90,10.29,57.79,-152.41,US,1588574953
330,burns lake,33.64,64,53,3.31,54.23,-125.75,CA,1588574953
331,chuy,54.48,90,26,4.27,-33.7,-53.46,UY,1588574954
332,saskylakh,17.46,94,100,4.56,71.92,114.08,RU,1588574954
333,caucaia,80.6,83,20,6.93,-3.74,-38.65,BR,1588574954
334,hasaki,70.0,93,75,5.82,35.73,140.83,JP,1588574954
335,camabatela,71.96,54,58,5.57,-8.19,15.38,AO,1588574954
336,pingliang,78.48,18,46,9.64,35.54,106.69,CN,1588574954
337,safakulevo,51.6,40,0,8.48,54.99,62.54,RU,1588574954
338,colonia,54.0,81,20,2.24,50.93,6.95,DE,1588574941
339,nouakchott,69.93,52,0,14.07,18.09,-15.98,MR,1588574716
340,pokhara,81.25,33,96,0.96,28.23,83.98,NP,1588574721
341,ilulissat,26.6,92,100,8.05,69.22,-51.1,GL,1588574955
342,pudozh,51.03,77,100,5.97,61.81,36.53,RU,1588574955
343,raudeberg,42.01,92,95,9.73,61.99,5.14,NO,1588574955
344,kitimat,42.8,81,75,14.99,54.05,-128.65,CA,1588574955
345,limoux,62.6,77,0,10.29,42.92,2.17,FR,1588574955
346,portland,46.99,81,1,1.99,45.52,-122.68,US,1588574517
347,rawson,55.78,54,98,14.76,-43.3,-65.1,AR,1588574956
348,mount isa,80.6,18,0,10.29,-20.73,139.5,AU,1588574956
349,lively,35.01,80,90,14.99,46.43,-81.15,CA,1588574956
350,fort nelson,39.2,80,90,10.29,58.81,-122.7,CA,1588574956
351,klyuchi,51.53,46,93,17.49,52.27,79.17,RU,1588574956
352,mackay,75.2,57,40,14.99,-21.15,149.2,AU,1588574956
353,mantua,64.0,42,37,4.7,45.17,10.78,IT,1588574956
354,palmer,64.4,42,90,5.82,42.16,-72.33,US,1588574957
355,acarau,77.52,87,100,8.57,-2.89,-40.12,BR,1588574957
356,esperance,84.2,12,100,19.46,-33.87,121.9,AU,1588574957
357,mason city,48.99,56,1,9.17,43.15,-93.2,US,1588574957
358,meulaboh,78.26,87,97,6.91,4.14,96.13,ID,1588574958
359,hudiksvall,43.0,61,86,1.99,61.73,17.1,SE,1588574958
360,mahbubnagar,102.87,18,0,7.76,16.73,77.98,IN,1588574958
361,pindiga,79.97,67,100,11.39,9.98,10.93,NG,1588574958
362,cap malheureux,82.0,72,63,10.0,-19.98,57.61,MU,1588574958
363,tiksi,26.91,95,89,7.49,71.69,128.87,RU,1588574958
364,emba,61.25,33,100,17.09,48.83,58.14,KZ,1588574959
365,tamala,63.43,56,87,14.94,52.54,43.25,RU,1588574959
366,saint-gaudens,62.01,93,0,4.92,43.08,0.67,FR,1588574959
367,cascais,64.0,67,6,5.99,38.7,-9.42,PT,1588574953
368,marienburg,50.0,100,65,5.86,54.04,19.03,PL,1588574959
369,hofn,41.61,65,100,9.08,64.25,-15.21,IS,1588574959
370,samandag,64.4,72,40,2.24,36.08,35.98,TR,1588574959
371,nome,44.6,39,1,8.05,64.5,-165.41,US,1588574959
372,pangai,77.0,88,20,5.82,-19.8,-174.35,TO,1588574960
373,tuensang,80.6,50,2,1.34,26.28,94.83,IN,1588574960
374,baghdad,82.4,30,75,14.99,33.34,44.4,IQ,1588574934
375,cabra,71.01,50,100,1.9,37.47,-4.44,ES,1588574960
376,synya,37.58,82,90,9.22,65.37,58.04,RU,1588574960
377,ketchikan,46.4,87,90,12.75,55.34,-131.65,US,1588574945
378,astoria,44.6,93,1,3.36,46.19,-123.83,US,1588574961
379,semnan,70.5,19,0,4.25,35.57,53.4,IR,1588574961
380,galesong,89.6,66,20,3.36,-5.32,119.37,ID,1588574961
381,paragominas,72.36,96,78,1.99,-2.97,-47.48,BR,1588574961
382,shenkursk,52.72,90,100,6.08,62.11,42.9,RU,1588574961
383,acajutla,71.01,100,3,4.76,13.59,-89.83,SV,1588574961
384,miri,89.6,79,75,5.82,4.41,114.01,MY,1588574961
385,chumikan,38.66,76,0,2.19,54.72,135.31,RU,1588574961
386,valdivia,53.6,100,90,5.82,-39.81,-73.25,CL,1588574962
387,pringsewu,84.63,77,100,1.19,-5.36,104.97,ID,1588574962
388,alihe,58.82,28,100,8.41,50.57,123.72,CN,1588574962
389,san andres,82.4,78,90,9.17,12.58,-81.7,CO,1588574962
390,bowen,77.0,53,0,13.87,-20.02,148.23,AU,1588574962
391,namtsy,46.4,20,31,6.71,62.72,129.67,RU,1588574962
392,port macquarie,64.99,64,2,1.01,-31.43,152.92,AU,1588574962
393,tsogni,79.3,86,94,4.03,-2.79,10.1,GA,1588574962
394,garmsar,78.58,13,0,21.03,35.22,52.34,IR,1588574963
395,figeac,55.4,82,0,9.17,44.75,1.92,FR,1588574963
396,bambanglipuro,84.99,74,22,8.43,-7.95,110.28,ID,1588574963
397,kamuli,76.77,56,10,2.21,0.95,33.12,UG,1588574963
398,paracuru,79.0,85,100,3.0,-3.41,-39.03,BR,1588574963
399,cocoa,72.0,78,1,9.17,28.39,-80.74,US,1588574963
400,damara,78.8,83,20,3.36,4.96,18.7,CF,1588574963
401,slave lake,39.2,86,1,8.05,55.28,-114.77,CA,1588574964
402,tramandai,61.52,82,74,11.65,-29.98,-50.13,BR,1588574964
403,asfi,65.44,87,0,9.04,32.3,-9.24,MA,1588574964
404,concepcion de buenos aires,71.6,35,40,6.93,19.97,-103.27,MX,1588574964
405,marica,64.4,93,40,5.82,-22.92,-42.82,BR,1588574965
406,juneau,48.0,81,75,14.99,58.3,-134.42,US,1588574965
407,altay,61.59,38,100,13.35,47.87,88.12,CN,1588574965
408,buraydah,87.8,20,0,13.87,26.33,43.98,SA,1588574965
409,nioro,69.6,53,0,3.67,13.35,-15.75,GM,1588574965
410,sao filipe,75.6,62,0,11.72,14.9,-24.5,CV,1588574965
411,ishigaki,82.4,88,20,8.05,24.34,124.16,JP,1588574965
412,tautira,80.6,78,20,4.7,-17.73,-149.15,PF,1588574966
413,filadelfia,66.0,77,90,14.99,39.95,-75.16,US,1588574821
414,timra,44.01,56,0,17.22,62.49,17.33,SE,1588574966
415,guaxupe,53.55,73,42,4.59,-21.31,-46.71,BR,1588574966
416,manokwari,84.85,69,42,6.17,-0.87,134.08,ID,1588574902
417,kenai,51.8,53,90,6.93,60.55,-151.26,US,1588574966
418,mount gambier,55.4,76,90,4.7,-37.83,140.77,AU,1588574966
419,waddan,71.44,36,0,7.05,29.16,16.14,LY,1588574966
420,labuhan,86.7,68,26,8.63,-6.88,112.21,ID,1588574967
421,diffa,88.93,35,85,10.96,13.32,12.61,NE,1588574967
422,umkomaas,64.99,90,33,8.41,-30.21,30.8,ZA,1588574967
423,kayasula,67.24,61,4,5.64,44.33,45.0,RU,1588574967
424,santa marta,80.42,78,100,13.0,11.24,-74.2,CO,1588574954
425,vostok,32.59,80,100,4.07,46.49,135.88,RU,1588574967
426,sabzevar,70.81,30,0,5.7,36.21,57.68,IR,1588574968
427,okhotsk,38.68,73,100,12.26,59.38,143.3,RU,1588574968
428,constitucion,53.98,72,0,6.24,-35.33,-72.42,CL,1588574884
429,onega,46.45,80,99,6.8,63.91,38.14,RU,1588574968
430,rocha,50.56,91,64,5.3,-34.48,-54.33,UY,1588574968
431,severnyy,60.8,82,20,11.18,50.68,36.55,RU,1588574779
432,aswan,92.48,14,0,9.73,24.09,32.91,EG,1588574968
433,santo nino,95.0,41,75,9.17,6.43,124.7,PH,1588574968
434,west bend,39.0,93,40,6.93,43.43,-88.18,US,1588574969
435,kannangad,91.4,70,20,3.36,12.31,75.11,IN,1588574969
436,kabanjahe,86.0,79,40,6.93,3.1,98.49,ID,1588574969
437,uribia,79.38,78,100,8.77,11.71,-72.27,CO,1588574969
438,samarai,80.69,85,100,13.8,-10.62,150.67,PG,1588574969
439,dalby,77.0,25,0,1.99,-27.18,151.27,AU,1588574969
440,fairbanks,44.6,33,1,13.87,64.84,-147.72,US,1588574941
441,amiens,55.0,93,90,6.93,49.9,2.3,FR,1588574969
442,eyl,91.04,54,100,10.71,7.98,49.82,SO,1588574970
443,sangar,37.06,71,0,8.28,63.92,127.47,RU,1588574970
444,jumla,57.4,32,93,1.92,29.27,82.18,NP,1588574970
445,porto velho,77.0,94,40,1.34,-8.76,-63.9,BR,1588574970
446,kayanga,67.71,52,0,5.88,-1.53,31.15,TZ,1588574970
447,cacador,51.58,70,79,5.64,-26.78,-51.02,BR,1588574970
448,kemi,35.6,100,90,3.36,65.86,24.82,FI,1588574971
449,simpang,88.59,65,80,3.71,-1.27,104.08,ID,1588574971
450,arbazh,60.49,57,0,10.13,57.68,48.31,RU,1588574971
451,cam ranh,89.6,75,20,12.75,11.92,109.16,VN,1588574971
452,bismarck,46.4,65,40,11.41,46.81,-100.78,US,1588574682
453,mahibadhoo,85.17,79,100,14.41,3.78,72.97,MV,1588574971
454,katsuura,66.99,100,75,4.7,35.13,140.3,JP,1588574971
455,grand forks,37.4,74,1,6.93,47.93,-97.03,US,1588574971
456,victor harbor,59.0,67,1,6.29,-35.57,138.62,AU,1588574972
457,chara,46.62,38,85,5.26,56.91,118.26,RU,1588574972
458,cabedelo,75.2,100,40,6.93,-6.98,-34.83,BR,1588574972
459,aklavik,14.0,72,5,9.17,68.22,-135.01,CA,1588574972
460,zhanaozen,75.4,36,0,14.47,43.3,52.8,KZ,1588574972
461,suslovo,59.25,55,100,7.52,56.22,88.12,RU,1588574972
462,port lincoln,60.26,69,44,11.16,-34.73,135.87,AU,1588574973
463,birjand,73.4,27,20,16.15,32.87,59.22,IR,1588574973
464,peniche,64.0,85,12,11.01,39.36,-9.38,PT,1588574973
465,sitka,46.4,87,90,5.82,57.05,-135.33,US,1588574973
466,jawhar,88.02,61,0,16.8,2.78,45.5,SO,1588574973
467,balkhash,69.8,30,0,17.9,46.84,74.98,KZ,1588574974
468,wangaratta,60.8,51,0,2.53,-36.37,146.33,AU,1588574974
469,guerrero negro,62.64,87,16,16.28,27.98,-114.06,MX,1588574766
470,suntar,49.39,44,0,1.97,62.14,117.63,RU,1588574974
471,sao gabriel da cachoeira,72.55,89,58,1.99,-0.13,-67.09,BR,1588574974
472,genhe,49.68,51,100,4.43,50.78,121.52,CN,1588574975
473,saint anthony,46.4,52,1,3.36,45.02,-93.22,US,1588574704
474,pozo colorado,74.01,57,24,4.23,-23.49,-58.8,PY,1588574975
475,lompoc,51.8,81,1,4.7,34.64,-120.46,US,1588574975
476,yenagoa,82.0,83,31,2.19,4.92,6.26,NG,1588574975
477,lerwick,42.8,80,20,5.82,60.15,-1.15,GB,1588574976
478,miguel auza,64.54,35,100,3.4,24.29,-103.45,MX,1588574976
479,ryotsu,71.6,53,73,4.7,38.08,138.43,JP,1588574976
480,alekseyevka,62.85,75,100,16.24,50.63,38.69,RU,1588574976
481,san quintin,63.16,85,0,15.48,30.48,-115.95,MX,1588574765
482,mercedes,57.0,99,100,4.68,-34.65,-59.43,AR,1588574976
483,itatskiy,54.09,73,100,3.44,56.07,89.04,RU,1588574976
484,nortelandia,69.84,72,100,2.77,-14.45,-56.8,BR,1588574976
485,isla vista,64.4,55,1,5.82,34.41,-119.86,US,1588574976
486,nouadhibou,66.2,88,75,21.92,20.93,-17.03,MR,1588574977
487,avera,68.0,60,1,9.17,33.19,-82.53,US,1588574977
488,bo phloi,86.86,59,100,8.88,14.32,99.52,TH,1588574977
489,gao,89.83,10,0,10.45,16.64,1.64,ML,1588574977
490,japura,92.35,60,72,1.77,-0.32,102.35,ID,1588574977
491,zavallya,64.09,64,88,3.42,48.21,30.02,UA,1588574977
492,lucea,80.6,74,20,1.12,18.45,-78.17,JM,1588574977
493,sayyan,68.9,25,96,9.37,15.17,44.32,YE,1588574978
494,mobaye,86.54,48,0,2.1,4.32,21.18,CF,1588574978
495,jiangyou,92.55,26,40,11.25,31.77,104.72,CN,1588574978
496,sorland,41.0,65,75,12.75,67.67,12.69,NO,1588574978
497,butembo,69.21,50,1,1.12,0.15,29.28,CD,1588574978
498,jablah,66.2,82,40,9.17,35.36,35.93,SY,1588574978
499,haines junction,36.48,64,32,3.98,60.75,-137.51,CA,1588574979
500,varberg,48.2,76,20,11.41,57.11,12.25,SE,1588574979
501,san cosme y damian,63.52,38,100,5.17,-27.32,-56.35,PY,1588574979
502,boyabat,60.8,87,40,4.7,41.47,34.77,TR,1588574979
503,kununurra,89.6,13,82,9.17,-15.77,128.73,AU,1588574979
504,karaton,86.0,89,40,6.93,-6.34,106.1,ID,1588574979
505,asau,51.01,84,100,3.18,46.43,26.4,RO,1588574979
506,susanville,39.99,51,1,3.2,40.42,-120.65,US,1588574834
507,tianpeng,100.99,1,83,11.79,30.99,103.94,CN,1588574980
508,takoradi,79.65,88,100,6.35,4.88,-1.76,GH,1588574980
509,oksfjord,41.0,93,75,8.05,70.24,22.35,NO,1588574980
510,te anau,44.28,78,73,1.88,-45.42,167.72,NZ,1588574980
511,villamontes,71.51,69,98,2.62,-21.25,-63.5,BO,1588574980
512,edinet,54.0,83,100,5.99,48.17,27.3,MD,1588574980
513,grindavik,44.6,87,75,21.92,63.84,-22.43,IS,1588574980
514,kuusamo,35.6,100,90,8.05,65.97,29.18,FI,1588574981
515,harlingen,78.01,94,90,9.17,26.19,-97.7,US,1588574809
516,batsfjord,35.6,92,75,2.24,70.63,29.72,NO,1588574981
517,port blair,87.35,63,18,11.27,11.67,92.75,IN,1588574981
518,sur,97.63,35,0,2.17,22.57,59.53,OM,1588574981
519,santa isabel do rio negro,73.58,96,91,0.83,-0.41,-65.02,BR,1588574981
520,nongstoin,70.74,58,19,4.74,25.52,91.27,IN,1588574981
521,ojhar,102.56,10,0,12.3,20.1,73.93,IN,1588574982
522,sobolevo,60.17,67,100,6.78,54.43,31.9,RU,1588574982
523,atar,73.94,41,0,8.84,20.52,-13.05,MR,1588574982
524,husavik,42.8,52,20,31.09,66.04,-17.34,IS,1588574982
525,ayagoz,61.05,39,100,19.91,47.97,80.44,KZ,1588574982
526,herndon,63.0,93,90,4.7,38.97,-77.39,US,1588574795
527,saint-joseph,84.2,66,40,9.17,-21.37,55.62,RE,1588574982
528,plerin,55.4,100,90,4.7,48.54,-2.78,FR,1588574982
529,tikhvin,56.77,57,78,2.59,59.65,33.53,RU,1588574983
530,igurusi,71.31,40,0,1.48,-8.85,33.85,TZ,1588574983
531,tamuin,76.48,83,52,0.98,21.98,-98.75,MX,1588574983
532,san patricio,70.65,82,97,2.51,19.22,-104.7,MX,1588574983
533,dire dawa,80.94,37,9,2.82,9.59,41.87,ET,1588574983
534,ngunguru,57.99,71,0,3.0,-35.62,174.5,NZ,1588574984
535,erzin,66.0,81,60,5.75,36.96,36.2,TR,1588574984
536,yala,89.6,66,20,11.41,6.33,101.25,TH,1588574984
537,the valley,80.6,78,20,5.82,18.22,-63.06,AI,1588574984
538,khash,83.48,10,0,8.99,28.22,61.22,IR,1588574984
539,ozinki,67.75,47,0,11.88,51.18,49.68,RU,1588574984
540,cabugao,87.8,79,20,13.87,17.79,120.46,PH,1588574985
541,licata,64.99,61,0,1.99,37.11,13.95,IT,1588574985
542,owando,81.95,62,25,2.42,-0.48,15.9,CG,1588574985
543,opuwo,72.39,17,0,7.54,-18.06,13.84,NA,1588574985
544,moose factory,19.4,79,90,8.05,51.26,-80.61,CA,1588574985
545,bilibino,25.74,90,1,0.89,68.05,166.44,RU,1588574986
546,garissa,86.29,49,0,19.13,-0.45,39.64,KE,1588574986
547,kavieng,84.34,79,82,10.54,-2.57,150.8,PG,1588574986
548,general pico,54.18,79,100,3.29,-35.66,-63.76,AR,1588574986
549,saint-louis,78.8,47,0,2.24,16.33,-15.0,SN,1588574986
550,half moon bay,53.6,87,20,3.36,37.46,-122.43,US,1588574871
551,khandyga,34.7,79,98,4.54,62.67,135.6,RU,1588574986
552,huarmey,68.49,83,100,8.79,-10.07,-78.15,PE,1588574987
553,bakchar,43.03,63,100,11.77,57.02,82.07,RU,1588574987
554,arica,62.15,83,100,2.8,-18.48,-70.3,CL,1588574987
555,tezu,94.69,28,0,4.45,27.92,96.17,IN,1588574987
556,labrea,72.19,95,20,1.32,-7.26,-64.8,BR,1588574987
557,mino,82.0,57,20,5.82,34.83,135.47,JP,1588574987
558,charters towers,75.36,28,0,7.65,-20.1,146.27,AU,1588574987
559,aykhal,46.4,28,90,8.95,66.0,111.5,RU,1588574988
560,washington,46.4,49,1,10.29,47.5,-120.5,US,1588574988
561,patu,70.61,85,82,8.66,-6.11,-37.64,BR,1588574988
562,teahupoo,80.6,78,20,4.7,-17.83,-149.27,PF,1588574988
563,tibacuy,72.18,91,40,2.8,4.35,-72.46,CO,1588574988
564,taltal,58.41,76,79,1.07,-25.4,-70.48,CL,1588574988
565,aktash,48.22,28,98,10.36,50.3,87.73,RU,1588574989
566,kingaroy,68.0,45,90,5.82,-26.53,151.83,AU,1588574989
567,abha,77.0,41,18,12.75,18.22,42.51,SA,1588574989
568,jining,71.15,39,92,17.02,35.41,116.58,CN,1588574989
569,penzance,54.0,93,75,8.05,50.12,-5.54,GB,1588574989
570,kawalu,84.74,63,93,2.73,-7.38,108.21,ID,1588574990
571,chiredzi,74.57,31,0,4.43,-21.05,31.67,ZW,1588574990
572,wamba,81.28,59,29,2.24,8.93,8.6,NG,1588574990
573,gasa,71.6,53,0,2.24,31.5,34.47,PS,1588574990
574,menomonie,37.99,64,1,5.93,44.88,-91.92,US,1588574990
575,mehran,73.4,25,2,4.7,33.12,46.16,IR,1588574824
576,coihueco,48.2,100,0,2.3,-36.62,-71.83,CL,1588574990
577,mount pleasant,71.6,78,1,9.17,32.79,-79.86,US,1588574754
578,carauari,72.72,96,10,1.48,-4.88,-66.9,BR,1588574991
579,cockburn town,78.8,79,13,11.65,21.46,-71.14,TC,1588574991
580,tromso,37.4,93,75,5.82,69.65,18.96,NO,1588574991
581,korhogo,77.58,74,82,9.35,9.45,-5.63,CI,1588574991
582,egvekinot,17.35,95,15,1.21,66.32,-179.17,RU,1588574991
583,qandala,91.6,55,53,6.11,11.47,49.87,SO,1588574992
584,russell,68.0,77,40,3.36,32.35,-85.2,US,1588574730
585,arkadak,66.4,53,82,15.19,51.93,43.5,RU,1588574992
586,svetlaya,38.48,91,100,8.25,46.54,138.33,RU,1588574992
587,hovd,71.83,12,99,19.08,48.01,91.64,MN,1588574992
588,olinda,78.8,83,40,4.7,-8.01,-34.86,BR,1588574993
589,teguldet,52.7,71,100,13.29,57.31,88.17,RU,1588574993
590,kaohsiung,87.8,52,40,11.41,22.62,120.31,TW,1588574993
591,helena,42.8,38,1,13.87,46.59,-112.04,US,1588574876
592,lichuan,67.6,55,100,5.64,30.3,108.85,CN,1588574993
593,kolondieba,82.31,54,0,6.64,11.09,-6.89,ML,1588574993
594,nova granada,64.4,52,0,5.82,-20.53,-49.31,BR,1588574994
595,oranjemund,59.68,81,0,12.15,-28.55,16.43,NA,1588574994
